{
    "G": [
        {
            "mag": 17.4,
            "err": 0.0,
            "mjd": 59352.99416
        },
        {
            "mag": 18.66,
            "err": 0.0,
            "mjd": 59377.31534
        }
    ]
}