{
    "G": [
        {
            "mag": 18.8,
            "err": 0.0,
            "mjd": 58949.59477
        },
        {
            "mag": 18.8,
            "err": 0.0,
            "mjd": 58949.66877
        },
        {
            "mag": 18.76,
            "err": 0.0,
            "mjd": 58949.84493
        }
    ]
}