{
    "G": [
        {
            "mag": 18.74,
            "err": 0.0,
            "mjd": 58640.93823
        },
        {
            "mag": 18.76,
            "err": 0.0,
            "mjd": 58641.11441
        }
    ]
}