{
    "w": [
        {
            "mag": 19.3374,
            "err": 0.0254719,
            "mjd": 58669.3189440816
        },
        {
            "mag": 19.3823,
            "err": 0.026364,
            "mjd": 58669.3312733322
        },
        {
            "mag": 19.3813,
            "err": 0.0277574,
            "mjd": 58669.3436364279
        },
        {
            "mag": 19.3474,
            "err": 0.030383,
            "mjd": 58669.3559647086
        }
    ]
}