{
    "G": [
        {
            "mag": 18.63,
            "err": 0.0,
            "mjd": 59208.65703
        },
        {
            "mag": 18.94,
            "err": 0.0,
            "mjd": 59224.83451
        }
    ]
}