{
    "i": [
        {
            "mag": 18.3966,
            "err": 0.0619613,
            "mjd": 57736.568869033
        },
        {
            "mag": 18.4381,
            "err": 0.0615403,
            "mjd": 57736.5805498819
        },
        {
            "mag": 18.403,
            "err": 0.0886761,
            "mjd": 57736.5922156755
        },
        {
            "mag": 18.413,
            "err": 0.0866064,
            "mjd": 57736.6038716589
        }
    ]
}