{
    "G": [
        {
            "mag": 17.66,
            "err": 0.0,
            "mjd": 59416.71399
        },
        {
            "mag": 18.32,
            "err": 0.0,
            "mjd": 59443.70649
        },
        {
            "mag": 18.32,
            "err": 0.0,
            "mjd": 59443.78049
        }
    ]
}