{
    "G": [
        {
            "mag": 16.18,
            "err": 0.0,
            "mjd": 59317.48491
        },
        {
            "mag": 16.21,
            "err": 0.0,
            "mjd": 59317.55891
        },
        {
            "mag": 17.27,
            "err": 0.0,
            "mjd": 59346.47201
        },
        {
            "mag": 17.79,
            "err": 0.0,
            "mjd": 59370.46671
        }
    ]
}