{
    "G": [
        {
            "mag": 19.34,
            "err": 0.0,
            "mjd": 58682.12132
        },
        {
            "mag": 19.36,
            "err": 0.0,
            "mjd": 58682.19534
        },
        {
            "mag": 18.27,
            "err": 0.0,
            "mjd": 58711.49353
        },
        {
            "mag": 18.25,
            "err": 0.0,
            "mjd": 58711.6697
        }
    ]
}