,MJD,Phase,Filter,ShiftedFilter,Wavelength,ShiftedWavelength,Flux,ShiftedFlux,Fluxerr,ShiftedFluxerr,Mag,ShiftedMag,Magerr,Nondetection
0,57710.3579364377,-0.0021430961714941077,i,i,7670.0,7670.0,2.6895888195879447e-16,-0.002835191383361746,9.939241003346271e-18,0.0369545,17.9066,0.007087978458404365,0.0369545,False
1,57710.3698656633,0.009786129427084234,i,i,7670.0,7670.0,2.593258981881145e-16,-0.01867519138336249,9.892582835951461e-18,0.0381473,17.9462,0.046687978458404444,0.0381473,False
2,57710.381849819,0.021770285129605327,i,i,7670.0,7670.0,2.4506759611223974e-16,-0.04323519138336174,9.92121853396947e-18,0.0404836,18.0076,0.10808797845840346,0.0404836,False
3,57710.393775377,0.03369584312895313,i,i,7670.0,7670.0,2.458135907020518e-16,-0.04191519138336197,1.2961529405487558e-17,0.0527291,18.0043,0.10478797845840404,0.0527291,False
4,57716.1615,5.8014204661303665,G,G,6730.0,6730.0,2.2341184262731266e-16,-0.08341489165835902,0.0,0.0,18.25,0.3504879784584034,0.0,False
5,57716.2355,5.87542046613089,G,G,6730.0,6730.0,2.2136359054249691e-16,-0.08741489165835858,0.0,0.0,18.26,0.36048797845840497,0.0,False
6,57764.46536,54.10528046613035,G,G,6730.0,6730.0,3.573602065621154e-17,-0.8794148916583566,0.0,0.0,20.24,2.340487978458402,0.0,False
7,57705.8484,-4.511679533869028,UVW2,UVW2,1864.637857142857,1864.637857142857,6.309939813517736e-17,-0.6324958653475932,6.309939813517736e-19,0.01,20.924,3.024487978458403,0.01,True
8,57705.8526,-4.507479533873266,UVM2,UVM2,2412.597040816326,2412.597040816326,4.4567850068479334e-17,-0.7834993977182201,4.456785006847933e-19,0.01,21.199,3.299487978458405,0.01,True
9,57705.8449,-4.515179533875198,UVW1,UVW1,2631.780714285714,2631.780714285714,7.442271066624112e-17,-0.5608155980601452,7.442271066624112e-19,0.01,20.462000000000003,2.5624879784584067,0.01,True
10,57705.8464,-4.5136795338694355,U,U,3289.3317346938775,3289.3317346938775,1.0686088188800167e-16,-0.4037023282016676,1.0686088188800168e-18,0.01,19.73,1.8304879784584038,0.01,True
11,57705.8471,-4.512979533872567,B,B,4604.433775510204,4604.433775510204,1.882986230514408e-16,-0.1576739379384815,1.882986230514408e-18,0.01,18.902,1.0024879784584044,0.01,True
12,57705.8508,-4.5092795338714495,V,V,5481.168469387755,5481.168469387755,3.893361701309596e-16,0.15780367028897757,3.893361701309596e-18,0.01,17.875999999999998,-0.023512021541598926,0.01,True
