{
    "G": [
        {
            "mag": 18.44,
            "err": 0.0,
            "mjd": 59290.12395
        },
        {
            "mag": 18.48,
            "err": 0.0,
            "mjd": 59290.30009
        }
    ],
    "B": [
        {
            "mag": 19.0016,
            "err": 9999,
            "mjd": 59308.9319
        }
    ],
    "V": [
        {
            "mag": 19.1108,
            "err": 9999,
            "mjd": 59308.9367
        }
    ]
}