{
    "G": [
        {
            "mag": 18.95,
            "err": 0.0,
            "mjd": 58396.47179
        },
        {
            "mag": 18.9,
            "err": 0.0,
            "mjd": 58396.54581
        },
        {
            "mag": 20.18,
            "err": 0.0,
            "mjd": 58432.77074
        }
    ]
}