{
    "C": [
        {
            "mag": 18.0,
            "err": 9999,
            "mjd": 57215.5146412
        },
        {
            "mag": 14.0,
            "err": 0.3,
            "mjd": 57426.56022
        }
    ]
}