{
    "G": [
        {
            "mag": 17.1,
            "err": 0.0,
            "mjd": 59084.68212
        },
        {
            "mag": 17.04,
            "err": 0.0,
            "mjd": 59084.75612
        },
        {
            "mag": 19.17,
            "err": 0.0,
            "mjd": 59145.15118
        },
        {
            "mag": 19.95,
            "err": 0.0,
            "mjd": 59176.71058
        }
    ],
    "B": [
        {
            "mag": 16.4405,
            "err": 0.0861616,
            "mjd": 59090.0548
        }
    ]
}