{
    "G": [
        {
            "mag": 18.36,
            "err": 0.0,
            "mjd": 58966.67955
        },
        {
            "mag": 18.35,
            "err": 0.0,
            "mjd": 58966.75355
        },
        {
            "mag": 20.24,
            "err": 0.0,
            "mjd": 59019.26676
        },
        {
            "mag": 20.22,
            "err": 0.0,
            "mjd": 59019.34076
        }
    ]
}