{
    "G": [
        {
            "mag": 18.72,
            "err": 0.0,
            "mjd": 59331.01887
        },
        {
            "mag": 18.71,
            "err": 0.0,
            "mjd": 59331.09287
        },
        {
            "mag": 18.7,
            "err": 0.0,
            "mjd": 59352.76605
        },
        {
            "mag": 19.54,
            "err": 0.0,
            "mjd": 59386.06927
        }
    ]
}