{
    "G": [
        {
            "mag": 17.04,
            "err": 0.0,
            "mjd": 59190.20052
        },
        {
            "mag": 17.02,
            "err": 0.0,
            "mjd": 59190.27454
        },
        {
            "mag": 20.3,
            "err": 0.0,
            "mjd": 59378.05073
        }
    ]
}