{
    "w": [
        {
            "mag": 19.9081,
            "err": 0.0380509,
            "mjd": 58486.2689674883
        },
        {
            "mag": 19.8612,
            "err": 0.0286129,
            "mjd": 58486.2823200241
        },
        {
            "mag": 19.9063,
            "err": 0.0488796,
            "mjd": 58486.2956671933
        },
        {
            "mag": 19.8958,
            "err": 0.051889,
            "mjd": 58486.3091208488
        }
    ]
}