{
    "i": [
        {
            "mag": 16.7362,
            "err": 0.0107331,
            "mjd": 58152.4138250615
        },
        {
            "mag": 16.7445,
            "err": 0.0106132,
            "mjd": 58152.4269443631
        },
        {
            "mag": 16.7565,
            "err": 0.0122884,
            "mjd": 58152.4400991384
        },
        {
            "mag": 16.7175,
            "err": 0.0152046,
            "mjd": 58152.4533975209
        }
    ]
}