{
    "i": [
        {
            "mag": 16.348,
            "err": 0.00943511,
            "mjd": 58118.2311777723
        },
        {
            "mag": 16.352,
            "err": 0.00900678,
            "mjd": 58118.2432227945
        },
        {
            "mag": 16.3679,
            "err": 0.00919274,
            "mjd": 58118.255338516
        },
        {
            "mag": 16.352,
            "err": 0.0106848,
            "mjd": 58118.2673993465
        }
    ]
}