{
    "i": [
        {
            "mag": 16.86,
            "err": 0.00972824,
            "mjd": 57801.5222906902
        },
        {
            "mag": 16.8977,
            "err": 0.00977682,
            "mjd": 57801.5347608146
        },
        {
            "mag": 16.8933,
            "err": 0.01018,
            "mjd": 57801.5472514076
        },
        {
            "mag": 16.8855,
            "err": 0.00987301,
            "mjd": 57801.5597222121
        }
    ]
}