{
    "G": [
        {
            "mag": 18.07,
            "err": 0.0,
            "mjd": 59645.57981
        },
        {
            "mag": 18.07,
            "err": 0.0,
            "mjd": 59645.65382
        },
        {
            "mag": 17.04,
            "err": 0.0,
            "mjd": 59660.90666
        }
    ]
}