{
    "G": [
        {
            "mag": 15.16,
            "err": 0.0,
            "mjd": 58047.11497
        },
        {
            "mag": 16.85,
            "err": 0.0,
            "mjd": 58077.77271
        },
        {
            "mag": 16.87,
            "err": 0.0,
            "mjd": 58077.84671
        },
        {
            "mag": 19.58,
            "err": 0.0,
            "mjd": 58217.3331
        }
    ]
}