{
    "G": [
        {
            "mag": 17.9,
            "err": 0.0,
            "mjd": 59055.60236
        },
        {
            "mag": 17.44,
            "err": 0.0,
            "mjd": 59063.35513
        },
        {
            "mag": 17.44,
            "err": 0.0,
            "mjd": 59063.53131
        }
    ],
    "B": [
        {
            "mag": 18.9063,
            "err": 9999,
            "mjd": 59081.1735
        }
    ],
    "V": [
        {
            "mag": 18.0846,
            "err": 0.0773562,
            "mjd": 59081.1788
        }
    ],
    "R": [
        {
            "mag": 20.1211,
            "err": 9999,
            "mjd": 59081.1834
        }
    ]
}