{
    "G": [
        {
            "mag": 17.98,
            "err": 0.0,
            "mjd": 58239.68429
        },
        {
            "mag": 17.97,
            "err": 0.0,
            "mjd": 58239.75829
        },
        {
            "mag": 18.84,
            "err": 0.0,
            "mjd": 58261.18284
        },
        {
            "mag": 18.8,
            "err": 0.0,
            "mjd": 58261.25684
        }
    ]
}