{
    "G": [
        {
            "mag": 18.77,
            "err": 0.0,
            "mjd": 59049.47321
        },
        {
            "mag": 18.37,
            "err": 0.0,
            "mjd": 59069.98134
        }
    ]
}