{
    "I": [
        {
            "mag": 22.0,
            "err": 9999,
            "mjd": 58398.28179
        },
        {
            "mag": 16.681,
            "err": 0.006,
            "mjd": 58419.14626
        },
        {
            "mag": 22.0,
            "err": 9999,
            "mjd": 58717.41676
        }
    ]
}