{
    "G": [
        {
            "mag": 17.0,
            "err": 0.0,
            "mjd": 58006.00451
        },
        {
            "mag": 17.0,
            "err": 0.0,
            "mjd": 58006.07853
        },
        {
            "mag": 17.11,
            "err": 0.0,
            "mjd": 58035.57449
        },
        {
            "mag": 17.13,
            "err": 0.0,
            "mjd": 58035.75065
        }
    ]
}