{
    "G": [
        {
            "mag": 14.92,
            "err": 0.0,
            "mjd": 58651.70781
        },
        {
            "mag": 15.01,
            "err": 0.0,
            "mjd": 58651.78182
        },
        {
            "mag": 17.68,
            "err": 0.0,
            "mjd": 58703.54527
        },
        {
            "mag": 17.71,
            "err": 0.0,
            "mjd": 58703.61926
        }
    ]
}