{
    "G": [
        {
            "mag": 18.73,
            "err": 0.0,
            "mjd": 59270.5516
        },
        {
            "mag": 18.71,
            "err": 0.0,
            "mjd": 59270.6256
        },
        {
            "mag": 19.01,
            "err": 0.0,
            "mjd": 59287.05314
        },
        {
            "mag": 19.02,
            "err": 0.0,
            "mjd": 59287.12714
        }
    ]
}