{
    "G": [
        {
            "mag": 16.13,
            "err": 0.0,
            "mjd": 59436.90669
        },
        {
            "mag": 16.12,
            "err": 0.0,
            "mjd": 59437.08286
        }
    ]
}