{
    "w": [
        {
            "mag": 19.6893,
            "err": 0.0382072,
            "mjd": 57859.3084091549
        },
        {
            "mag": 19.7139,
            "err": 0.0427387,
            "mjd": 57859.3204512117
        },
        {
            "mag": 19.6994,
            "err": 0.040733,
            "mjd": 57859.3324993722
        },
        {
            "mag": 19.6742,
            "err": 0.043362,
            "mjd": 57859.3445419162
        }
    ]
}