{
    "G": [
        {
            "mag": 17.97,
            "err": 0.0,
            "mjd": 58118.51071
        },
        {
            "mag": 17.98,
            "err": 0.0,
            "mjd": 58118.58471
        },
        {
            "mag": 17.87,
            "err": 0.0,
            "mjd": 58137.51139
        },
        {
            "mag": 17.87,
            "err": 0.0,
            "mjd": 58137.58539
        }
    ]
}