{
    "w": [
        {
            "mag": 19.7606,
            "err": 0.0784492,
            "mjd": 58195.2436679025
        },
        {
            "mag": 19.7344,
            "err": 0.059393,
            "mjd": 58195.2556294821
        },
        {
            "mag": 19.7141,
            "err": 0.0641728,
            "mjd": 58195.2674415577
        },
        {
            "mag": 19.718,
            "err": 0.0766519,
            "mjd": 58195.2792351819
        }
    ]
}