{
    "i": [
        {
            "mag": 17.5393,
            "err": 0.0283769,
            "mjd": 58332.3617462047
        },
        {
            "mag": 17.5396,
            "err": 0.0423585,
            "mjd": 58332.3745620912
        },
        {
            "mag": 17.5238,
            "err": 0.0405639,
            "mjd": 58332.3873403692
        },
        {
            "mag": 17.5576,
            "err": 0.0451715,
            "mjd": 58332.4001097647
        }
    ]
}