{
    "G": [
        {
            "mag": 15.79,
            "err": 0.0,
            "mjd": 59412.63015
        },
        {
            "mag": 16.42,
            "err": 0.0,
            "mjd": 59430.31084
        },
        {
            "mag": 16.39,
            "err": 0.0,
            "mjd": 59430.38486
        },
        {
            "mag": 20.56,
            "err": 0.0,
            "mjd": 59526.73355
        }
    ],
    "B": [
        {
            "mag": 18.3878,
            "err": 9999,
            "mjd": 59444.1246
        }
    ],
    "V": [
        {
            "mag": 18.9424,
            "err": 9999,
            "mjd": 59444.1328
        }
    ]
}