{
    "i": [
        {
            "mag": 17.9781,
            "err": 0.0241407,
            "mjd": 58187.5150531964
        },
        {
            "mag": 17.9811,
            "err": 0.024254,
            "mjd": 58187.5268642893
        },
        {
            "mag": 17.9621,
            "err": 0.017035,
            "mjd": 58187.5387457954
        }
    ]
}