{
    "i": [
        {
            "mag": 19.994,
            "err": 0.109683,
            "mjd": 58506.2569480403
        },
        {
            "mag": 20.2054,
            "err": 0.180739,
            "mjd": 58506.2690800847
        },
        {
            "mag": 20.0943,
            "err": 0.151235,
            "mjd": 58506.2812039851
        },
        {
            "mag": 20.0326,
            "err": 0.19344,
            "mjd": 58506.2933685132
        }
    ]
}