{
    "G": [
        {
            "mag": 18.17,
            "err": 0.0,
            "mjd": 59511.38875
        },
        {
            "mag": 18.12,
            "err": 0.0,
            "mjd": 59511.46275
        },
        {
            "mag": 18.68,
            "err": 0.0,
            "mjd": 59539.62465
        },
        {
            "mag": 19.25,
            "err": 0.0,
            "mjd": 59561.86968
        }
    ]
}