{
    "G": [
        {
            "mag": 18.62,
            "err": 0.0,
            "mjd": 57861.75176
        },
        {
            "mag": 18.62,
            "err": 0.0,
            "mjd": 57861.82576
        },
        {
            "mag": 19.06,
            "err": 0.0,
            "mjd": 57875.0814
        },
        {
            "mag": 19.06,
            "err": 0.0,
            "mjd": 57875.25757
        }
    ]
}