{
    "G": [
        {
            "mag": 17.53,
            "err": 0.0,
            "mjd": 59485.56522
        },
        {
            "mag": 17.51,
            "err": 0.0,
            "mjd": 59485.63924
        },
        {
            "mag": 17.63,
            "err": 0.0,
            "mjd": 59509.89108
        },
        {
            "mag": 17.64,
            "err": 0.0,
            "mjd": 59510.06725
        }
    ]
}