{
    "G": [
        {
            "mag": 17.49,
            "err": 0.0,
            "mjd": 58221.1611
        },
        {
            "mag": 17.52,
            "err": 0.0,
            "mjd": 58240.33998
        },
        {
            "mag": 17.57,
            "err": 0.0,
            "mjd": 58240.41399
        },
        {
            "mag": 17.9,
            "err": 0.0,
            "mjd": 58274.07259
        }
    ]
}