{
    "G": [
        {
            "mag": 18.21,
            "err": 0.0,
            "mjd": 59540.52551
        },
        {
            "mag": 17.73,
            "err": 0.0,
            "mjd": 59571.58332
        }
    ]
}