{
    "G": [
        {
            "mag": 17.15,
            "err": 0.0,
            "mjd": 59663.92491
        },
        {
            "mag": 17.12,
            "err": 0.0,
            "mjd": 59663.99892
        }
    ]
}