{
    "C": [
        {
            "mag": 20.3315,
            "err": 9999,
            "mjd": 57801.2519907
        },
        {
            "mag": 16.0451,
            "err": 0.1,
            "mjd": 57822.1359954
        }
    ]
}