{
    "G": [
        {
            "mag": 18.11,
            "err": 0.0,
            "mjd": 57853.40993
        },
        {
            "mag": 19.02,
            "err": 0.0,
            "mjd": 57869.33889
        }
    ]
}