{
    "i": [
        {
            "mag": 20.0825,
            "err": 0.168299,
            "mjd": 57410.2954048081
        },
        {
            "mag": 20.0714,
            "err": 0.13202,
            "mjd": 57410.3048547096
        },
        {
            "mag": 20.1411,
            "err": 0.185109,
            "mjd": 57410.3238435434
        }
    ]
}