{
    "G": [
        {
            "mag": 18.38,
            "err": 0.0,
            "mjd": 59049.98891
        },
        {
            "mag": 18.53,
            "err": 0.0,
            "mjd": 59070.42353
        },
        {
            "mag": 18.52,
            "err": 0.0,
            "mjd": 59070.49752
        }
    ]
}