{
    "i": [
        {
            "mag": 20.0845,
            "err": 0.0574732,
            "mjd": 57798.3803806161
        },
        {
            "mag": 20.0852,
            "err": 0.0638393,
            "mjd": 57798.3936403469
        },
        {
            "mag": 20.103,
            "err": 0.0620536,
            "mjd": 57798.4069197908
        }
    ]
}