{
    "G": [
        {
            "mag": 17.54,
            "err": 0.0,
            "mjd": 57860.03065
        },
        {
            "mag": 17.51,
            "err": 0.0,
            "mjd": 57860.10466
        },
        {
            "mag": 17.5,
            "err": 0.0,
            "mjd": 57890.09438
        },
        {
            "mag": 17.51,
            "err": 0.0,
            "mjd": 57890.27054
        }
    ]
}