{
    "G": [
        {
            "mag": 18.17,
            "err": 0.0,
            "mjd": 59228.68975
        },
        {
            "mag": 17.61,
            "err": 0.0,
            "mjd": 59250.01608
        },
        {
            "mag": 17.64,
            "err": 0.0,
            "mjd": 59250.19225
        }
    ]
}