{
    "H": [
        {
            "mag": 17.2413457,
            "err": 9999,
            "mjd": 56020.363588
        }
    ],
    "J": [
        {
            "mag": 18.249144,
            "err": 9999,
            "mjd": 56020.380289
        }
    ]
}