{
    "G": [
        {
            "mag": 18.91,
            "err": 0.0,
            "mjd": 58005.80889
        },
        {
            "mag": 18.96,
            "err": 0.0,
            "mjd": 58005.88289
        }
    ]
}