{
    "w": [
        {
            "mag": 20.2504,
            "err": 0.036958,
            "mjd": 58611.4888055432
        },
        {
            "mag": 20.2043,
            "err": 0.0229565,
            "mjd": 58611.5004232768
        },
        {
            "mag": 20.2493,
            "err": 0.024759,
            "mjd": 58611.511999568
        },
        {
            "mag": 20.2273,
            "err": 0.03098,
            "mjd": 58611.5235959665
        }
    ]
}