{
    "o": [
        {
            "mag": 18.356290139465234,
            "err": 9999,
            "mjd": 60116.153752
        },
        {
            "mag": 15.017569406342478,
            "err": 0.009455299264578398,
            "mjd": 60129.344211
        },
        {
            "mag": 14.931170500990918,
            "err": 0.019420442220185807,
            "mjd": 60132.3141845
        }
    ]
}